category,item,status,notes
Project Setup,Project requirements documented,pending,
Project Setup,Schematic design reviewed and approved,pending,
Project Setup,Component library verified and up to date,pending,
Project Setup,BOM (Bill of Materials) finalized,pending,
Project Setup,Design for Manufacturability (DFM) requirements confirmed,pending,
Project Setup,Design for Assembly (DFA) requirements confirmed,pending,
Electrical Design,All electrical requirements met (voltage/current/power),pending,
Electrical Design,ERC (Electrical Rules Check) passed with no errors,pending,
Electrical Design,Signal integrity analysis completed,pending,
Electrical Design,Power integrity analysis completed,pending,
Electrical Design,Thermal analysis completed,pending,
Electrical Design,EMC/EMI considerations addressed,pending,
Component Selection,All components are RoHS compliant,pending,
Component Selection,Components verified against approved vendor list (AVL),pending,
Component Selection,Component lifecycle/obsolescence checked,pending,
Component Selection,Long-lead-time components identified and ordered,pending,
Component Selection,Footprints verified against component datasheets,pending,
Component Selection,Polarized components marked correctly,pending,
Design Review,Peer design review completed,pending,
Design Review,Design review action items resolved,pending,
Design Review,Simulation results verified,pending,
Design Review,Safety-critical nets reviewed,pending,
Design Review,High-speed design rules verified,pending,
Documentation,Schematic version controlled and tagged,pending,
Documentation,PCB layout files version controlled,pending,
Documentation,Assembly drawings generated,pending,
Documentation,Test points documented,pending,
Documentation,Revision history updated,pending,
